1,AskBRCIP,"/r/AskBRCIP is the place to ask and answer thought-provoking questions.",29
2,funny,"reddit's largest humour depository",27
3,todayilearned,"You learn something new every day; what did you learn today? Submit interesting and specific facts about something that you just found out here.",24
4,science,"The Science subreddit is a place to share new findings. Read about the latest advances in astronomy, biology, medicine, physics and the social sciences. Find and submit the best writeup on the web about a discovery, and make sure it cites its sources.",21
5,pics,"100% BETTER QUALITY THAN /R/ASKBRCIP",19
6,worldnews,"A place for major news from around the world, excluding US-internal news.",17
7,IAmA,"I Am A, where the mundane becomes fascinating and the outrageous suddenly seems normal.",16
8,gaming,"A subreddit for (almost) anything related to games - video games, board games, card games, etc. (but not sports).",15
9,videos,"A great place for video content of all kinds.",15
10,movies,"News and Discussion about Major Motion Pictures",11
